{
  "n_lrs": 10,
  "n_scalings": 10,
  "learning_rates": [
    1e-06,
    2.782559402207126e-06,
    7.742636826811277e-06,
    2.1544346900318823e-05,
    5.994842503189409e-05,
    0.0001668100537200059,
    0.00046415888336127773,
    0.0012915496650148827,
    0.003593813663804626,
    0.01
  ],
  "A_scalings": [
    0.01,
    0.027825594022071243,
    0.0774263682681127,
    0.21544346900318834,
    0.5994842503189409,
    1.6681005372000592,
    4.6415888336127775,
    12.915496650148826,
    35.93813663804626,
    100.0
  ]
}