{
  "n_lrs": 10,
  "n_scalings": 5,
  "learning_rates": [
    1e-05,
    2.1544346900318823e-05,
    4.641588833612782e-05,
    0.0001,
    0.00021544346900318823,
    0.00046415888336127773,
    0.001,
    0.002154434690031882,
    0.004641588833612777,
    0.01
  ],
  "A_scalings": [
    0.01,
    0.1,
    1.0,
    10.0,
    100.0
  ]
}